{"cameraMode":{"drawMode":0,"name":"Shaded","section":"Shading Mode"},"sceneLighting":false,"audioPlay":false,"sceneViewState":{"showFog":true,"showMaterialUpdate":true,"showSkybox":false,"showFlares":true,"showImageEffects":true,"showParticleSystems":true},"in2DMode":false,"pivot":{"x":61.008819580078128,"y":1.02634859085083,"z":4.876843452453613},"rotation":{"x":0.14573770761489869,"y":0.04302111268043518,"z":-0.006343727000057697,"w":0.9883671402931213},"size":7.348803997039795,"orthographic":true}