{"cameraMode":{"drawMode":0,"name":"Shaded","section":"Shading Mode"},"sceneLighting":false,"audioPlay":false,"sceneViewState":{"showFog":true,"showMaterialUpdate":true,"showSkybox":false,"showFlares":true,"showImageEffects":true,"showParticleSystems":true},"in2DMode":false,"pivot":{"x":365.464599609375,"y":6.149776458740234,"z":-158.35238647460938},"rotation":{"x":0.4614463746547699,"y":-0.532488226890564,"z":0.5536810755729675,"w":0.44380268454551699},"size":35.19948196411133,"orthographic":true}