{"cameraMode":{"drawMode":0,"name":"Shaded","section":"Shading Mode"},"sceneLighting":false,"audioPlay":false,"sceneViewState":{"showFog":true,"showMaterialUpdate":true,"showSkybox":false,"showFlares":true,"showImageEffects":true,"showParticleSystems":true},"in2DMode":false,"pivot":{"x":-5.364418029785156e-7,"y":0.32329797744750979,"z":1.1920928955078126e-7},"rotation":{"x":0.4169333279132843,"y":-0.22375789284706117,"z":0.10668199509382248,"w":0.8744816184043884},"size":4.26773738861084,"orthographic":true}