{"cameraMode":{"drawMode":0,"name":"Shaded","section":"Shading Mode"},"sceneLighting":false,"audioPlay":false,"sceneViewState":{"showFog":true,"showMaterialUpdate":true,"showSkybox":false,"showFlares":true,"showImageEffects":true,"showParticleSystems":true},"in2DMode":false,"pivot":{"x":347.44317626953127,"y":7.610528945922852,"z":-151.20556640625},"rotation":{"x":0.10372493416070938,"y":-0.09532857686281204,"z":0.010008004494011402,"w":0.9899765253067017},"size":16.821992874145509,"orthographic":true}