{"cameraMode":{"drawMode":0,"name":"Shaded","section":"Shading Mode"},"sceneLighting":false,"audioPlay":false,"sceneViewState":{"showFog":true,"showMaterialUpdate":true,"showSkybox":false,"showFlares":true,"showImageEffects":true,"showParticleSystems":true},"in2DMode":false,"pivot":{"x":358.1465148925781,"y":2.7420830726623537,"z":-148.8300018310547},"rotation":{"x":0.005403745453804731,"y":0.9941777586936951,"z":-0.08911433815956116,"w":0.06033244729042053},"size":17.655820846557618,"orthographic":true}