{"cameraMode":{"drawMode":31,"name":"Sprite Mask","section":"Miscellaneous"},"sceneLighting":false,"audioPlay":false,"sceneViewState":{"showFog":true,"showMaterialUpdate":true,"showSkybox":false,"showFlares":true,"showImageEffects":true,"showParticleSystems":true},"in2DMode":false,"pivot":{"x":0.0002817511558532715,"y":0.577299177646637,"z":2.384185791015625e-7},"rotation":{"x":0.07391805201768875,"y":-0.7007328867912293,"z":0.07345350831747055,"w":0.7057720422744751},"size":7.143849849700928,"orthographic":true}