{"cameraMode":{"drawMode":0,"name":"Shaded","section":"Shading Mode"},"sceneLighting":false,"audioPlay":false,"sceneViewState":{"showFog":true,"showMaterialUpdate":true,"showSkybox":false,"showFlares":true,"showImageEffects":true,"showParticleSystems":true},"in2DMode":false,"pivot":{"x":366.031982421875,"y":6.149776458740234,"z":-158.1999969482422},"rotation":{"x":0.14860163629055024,"y":0.056334927678108218,"z":-0.008484152145683766,"w":0.987254798412323},"size":14.553312301635743,"orthographic":true}