{"cameraMode":{"drawMode":0,"name":"Shaded","section":"Shading Mode"},"sceneLighting":false,"audioPlay":false,"sceneViewState":{"showFog":true,"showMaterialUpdate":true,"showSkybox":false,"showFlares":true,"showImageEffects":true,"showParticleSystems":true},"in2DMode":false,"pivot":{"x":64.69999694824219,"y":2.309197425842285,"z":11.30000114440918},"rotation":{"x":0.13838215172290803,"y":-0.03118923306465149,"z":0.00436889473348856,"w":0.9898780584335327},"size":14.094779968261719,"orthographic":true}