{"cameraMode":{"drawMode":0,"name":"Shaded","section":"Shading Mode"},"sceneLighting":false,"audioPlay":false,"sceneViewState":{"showFog":true,"showMaterialUpdate":true,"showSkybox":false,"showFlares":true,"showImageEffects":true,"showParticleSystems":true},"in2DMode":false,"pivot":{"x":65.0999984741211,"y":1.4331847429275513,"z":5.699999809265137},"rotation":{"x":0.2926190495491028,"y":0.07448885589838028,"z":-0.022870853543281556,"w":0.9530490040779114},"size":8.599418640136719,"orthographic":true}