{"cameraMode":{"drawMode":0,"name":"Shaded","section":"Shading Mode"},"sceneLighting":false,"audioPlay":false,"sceneViewState":{"showFog":true,"showMaterialUpdate":true,"showSkybox":false,"showFlares":true,"showImageEffects":true,"showParticleSystems":true},"in2DMode":false,"pivot":{"x":-182.405517578125,"y":8.345703125,"z":-263.34765625},"rotation":{"x":0.0036890890914946796,"y":-0.9911730885505676,"z":0.12948022782802583,"w":0.02823762223124504},"size":22.22746467590332,"orthographic":true}