{"cameraMode":{"drawMode":31,"name":"Sprite Mask","section":"Miscellaneous"},"sceneLighting":false,"audioPlay":false,"sceneViewState":{"showFog":true,"showMaterialUpdate":true,"showSkybox":false,"showFlares":true,"showImageEffects":true,"showParticleSystems":true},"in2DMode":false,"pivot":{"x":0.5999999046325684,"y":2.3765931129455568,"z":17.5},"rotation":{"x":-0.13020794093608857,"y":-0.6846515536308289,"z":0.12628410756587983,"w":-0.7059394717216492},"size":26.67272186279297,"orthographic":true}