{"cameraMode":{"drawMode":0,"name":"Shaded","section":"Shading Mode"},"sceneLighting":false,"audioPlay":false,"sceneViewState":{"showFog":true,"showMaterialUpdate":true,"showSkybox":false,"showFlares":true,"showImageEffects":true,"showParticleSystems":true},"in2DMode":false,"pivot":{"x":-10.34000015258789,"y":1.2931920289993287,"z":-26.089998245239259},"rotation":{"x":-0.015773989260196687,"y":-0.9709360003471375,"z":0.2292826622724533,"w":-0.06681319326162338},"size":9.411467552185059,"orthographic":true}