{"cameraMode":{"drawMode":0,"name":"Shaded","section":"Shading Mode"},"sceneLighting":false,"audioPlay":false,"sceneViewState":{"showFog":true,"showMaterialUpdate":true,"showSkybox":false,"showFlares":true,"showImageEffects":true,"showParticleSystems":true},"in2DMode":false,"pivot":{"x":-94.8403549194336,"y":6.04767370223999,"z":-260.6400146484375},"rotation":{"x":0.4206773042678833,"y":0.5510914325714111,"z":-0.3777413070201874,"w":0.6137104034423828},"size":35.79154586791992,"orthographic":true}