{"cameraMode":{"drawMode":0,"name":"Shaded","section":"Shading Mode"},"sceneLighting":false,"audioPlay":false,"sceneViewState":{"showFog":true,"showMaterialUpdate":true,"showSkybox":false,"showFlares":true,"showImageEffects":true,"showParticleSystems":true},"in2DMode":false,"pivot":{"x":-10.34000015258789,"y":1.2931917905807496,"z":-26.09000015258789},"rotation":{"x":0.02498675510287285,"y":-0.9735265374183655,"z":0.18561066687107087,"w":0.13103608787059785},"size":10.408211708068848,"orthographic":true}