{"cameraMode":{"drawMode":0,"name":"Shaded","section":"Shading Mode"},"sceneLighting":false,"audioPlay":false,"sceneViewState":{"showFog":true,"showMaterialUpdate":true,"showSkybox":false,"showFlares":true,"showImageEffects":true,"showParticleSystems":true},"in2DMode":false,"pivot":{"x":240.28697204589845,"y":2.5346977710723879,"z":-167.70120239257813},"rotation":{"x":-0.42524510622024538,"y":0.5732128024101257,"z":-0.4667668342590332,"w":-0.522228479385376},"size":33.27836227416992,"orthographic":true}