{"cameraMode":{"drawMode":0,"name":"Shaded","section":"Shading Mode"},"sceneLighting":false,"audioPlay":false,"sceneViewState":{"showFog":true,"showMaterialUpdate":true,"showSkybox":false,"showFlares":true,"showImageEffects":true,"showParticleSystems":true},"in2DMode":false,"pivot":{"x":61.176090240478519,"y":0.8464972972869873,"z":5.11034631729126},"rotation":{"x":-0.007841255515813828,"y":-0.9872897863388062,"z":0.1501205712556839,"w":-0.05158766359090805},"size":7.595707893371582,"orthographic":true}