{"cameraMode":{"drawMode":0,"name":"Shaded","section":"Shading Mode"},"sceneLighting":false,"audioPlay":false,"sceneViewState":{"showFog":true,"showMaterialUpdate":true,"showSkybox":false,"showFlares":true,"showImageEffects":true,"showParticleSystems":true},"in2DMode":false,"pivot":{"x":239.62591552734376,"y":4.377211570739746,"z":-167.6999969482422},"rotation":{"x":0.10652141273021698,"y":-0.11075460910797119,"z":0.011964392848312855,"w":0.9880504012107849},"size":60.893165588378909,"orthographic":true}